,Driver Age,Driver Experience,Previous Accidents,Annual Mileage (x1000 km),Car Manufacturing Year,Car Age,Insurance Premium ($)
0,56.0,32.0,4.0,17.0,2002-01-01,23.0,488.35
1,46.0,19.0,0.0,21.0,2025-01-01,,486.15
2,32.0,11.0,4.0,15.0,2020-01-01,5.0,497.55
3,60.0,0.0,4.0,19.0,1991-01-01,34.0,498.35
4,25.0,7.0,0.0,13.0,2005-01-01,20.0,495.55
5,38.0,13.0,2.0,,1998-01-01,27.0,494.75
6,56.0,37.0,3.0,14.0,1998-01-01,27.0,485.6
7,,18.0,1.0,19.0,2000-01-01,25.0,492.35
8,40.0,10.0,4.0,14.0,2011-01-01,14.0,497.1
9,28.0,10.0,5.0,12.0,2022-01-01,3.0,499.8
10,28.0,10.0,5.0,20.0,2025-01-01,0.0,499.9
11,41.0,2.0,,24.0,2012-01-01,13.0,498.2
12,53.0,32.0,5.0,24.0,2023-01-01,2.0,488.7
13,57.0,5.0,2.0,15.0,1998-01-01,27.0,493.55
14,41.0,9.0,5.0,13.0,2013-01-01,12.0,498.45
15,20.0,2.0,1.0,23.0,1997-01-01,28.0,500.85
16,,21.0,1.0,22.0,1996-01-01,29.0,491.4
17,19.0,1.0,4.0,23.0,2025-01-01,0.0,503.05
18,41.0,1.0,0.0,19.0,2007-01-01,18.0,494.25
19,61.0,12.0,2.0,14.0,1992-01-01,33.0,491.2
20,47.0,29.0,4.0,16.0,2017-01-01,8.0,489.5
21,55.0,1.0,2.0,12.0,1995-01-01,30.0,495.3
22,19.0,1.0,0.0,16.0,2010-01-01,,498.2
23,38.0,0.0,5.0,13.0,2017-01-01,8.0,501.35
24,,32.0,,22.0,1990-01-01,35.0,492.5
25,29.0,8.0,0.0,22.0,2025-01-01,0.0,492.9
26,39.0,16.0,4.0,19.0,2010-01-01,15.0,495.85
27,61.0,8.0,0.0,21.0,2024-01-01,1.0,486.55
28,42.0,10.0,3.0,,2002-01-01,23.0,496.0
29,,14.0,1.0,25.0,1999-01-01,26.0,492.35
30,59.0,23.0,4.0,22.0,1999-01-01,26.0,491.0
31,86.58571428571429,12.22,2.0,22.0,2002-01-01,23.0,477.05
32,33.0,15.0,3.0,19.0,2013-01-01,12.0,495.55
33,32.0,14.0,4.0,15.0,1991-01-01,34.0,499.55
34,64.0,30.0,0.0,18.0,2011-01-01,14.0,480.5
35,61.0,4.0,0.0,12.0,2006-01-01,19.0,489.1
36,20.0,2.0,0.0,16.0,2025-01-01,,496.2
37,54.0,10.0,0.0,,2003-01-01,22.0,489.05
38,24.0,6.0,2.0,22.0,1999-01-01,26.0,
39,38.0,20.0,3.0,22.0,2024-01-01,1.0,492.1
40,26.0,8.0,5.0,24.0,2014-01-01,11.0,502.2
41,56.0,34.0,1.0,20.0,1992-01-01,33.0,484.4
42,35.0,17.0,2.0,15.0,2006-01-01,19.0,493.55
43,21.0,0.0,2.0,22.0,2001-01-01,24.0,502.3
44,42.0,24.0,5.0,18.0,2013-01-01,12.0,
45,31.0,13.0,5.0,20.0,2018-01-01,7.0,499.1
46,26.0,8.0,1.0,24.0,2014-01-01,11.0,496.2
47,43.0,7.0,1.0,11.0,2025-01-01,0.0,
48,19.0,1.0,5.0,15.0,2015-01-01,10.0,505.15
49,37.0,19.0,0.0,13.0,1990-01-01,35.0,491.05
50,45.0,27.0,2.0,14.0,2009-01-01,16.0,488.2
51,64.0,13.0,4.0,12.0,2017-01-01,8.0,490.7
52,24.0,6.0,1.0,19.0,2005-01-01,20.0,497.85
53,61.0,34.0,1.0,13.0,2006-01-01,19.0,481.65
54,25.0,7.0,5.0,25.0,2017-01-01,8.0,502.45
55,64.0,36.0,3.0,12.0,2001-01-01,24.0,483.9
56,52.0,4.0,4.0,20.0,2016-01-01,9.0,496.3
57,31.0,13.0,4.0,21.0,2019-01-01,,497.55
58,34.0,13.0,1.0,19.0,2023-01-01,2.0,491.95
59,53.0,39.78,0.0,17.0,1995-01-01,30.0,485.75
60,57.0,3.0,3.0,16.0,1996-01-01,29.0,495.9
61,21.0,3.0,4.0,11.0,2021-01-01,4.0,501.85
62,19.0,1.0,1.0,15.0,2021-01-01,4.0,498.55
63,23.0,5.0,4.0,22.0,2014-01-01,11.0,502.1
64,59.0,39.0,3.0,21.0,2022-01-01,3.0,482.35
65,21.0,3.0,3.0,24.0,1996-01-01,29.0,503.5
66,46.0,28.0,2.0,25.0,2001-01-01,24.0,489.05
67,35.0,17.0,5.0,21.0,2005-01-01,20.0,498.45
68,43.0,13.0,5.0,13.0,2005-01-01,20.0,497.65
69,61.0,31.0,1.0,11.0,2025-01-01,0.0,480.55
70,51.0,47.78,3.0,14.0,2002-01-01,23.0,487.4
71,27.0,9.0,2.0,23.0,1996-01-01,29.0,498.95
72,53.0,22.0,2.0,12.0,2025-01-01,0.0,486.4
73,31.0,13.0,4.0,12.0,1998-01-01,27.0,499.2
74,48.0,30.0,4.0,13.0,2021-01-01,4.0,488.45
75,65.0,24.0,2.0,18.0,2000-01-01,25.0,486.2
76,32.0,,4.0,18.0,1997-01-01,,499.1
77,25.0,7.0,3.0,22.0,2022-01-01,3.0,498.8
78,31.0,,0.0,25.0,2012-01-01,13.0,496.05
79,40.0,13.0,3.0,17.0,2014-01-01,11.0,494.55
80,57.0,39.0,2.0,16.0,1997-01-01,28.0,483.5
81,38.0,20.0,2.0,19.0,2011-01-01,14.0,491.75
82,33.0,15.0,3.0,14.0,1993-01-01,32.0,497.3
83,62.0,5.0,4.0,22.0,1992-01-01,33.0,496.5
84,35.0,5.0,4.0,11.0,2018-01-01,7.0,498.75
85,64.0,2.0,5.0,18.0,2018-01-01,7.0,495.7
86,41.0,6.0,2.0,17.0,2023-01-01,2.0,494.05
87,43.0,7.0,1.0,17.0,2023-01-01,2.0,491.85
88,42.0,14.0,5.0,25.0,2017-01-01,8.0,496.95
89,62.0,28.0,4.0,13.0,2002-01-01,23.0,488.15
90,58.0,32.0,3.0,14.0,2004-01-01,21.0,486.1
91,46.0,28.0,4.0,20.0,2012-01-01,13.0,490.7
92,32.0,14.0,3.0,19.0,2015-01-01,10.0,495.85
93,62.0,26.0,5.0,25.0,1993-01-01,32.0,491.75
94,18.0,0.0,2.0,16.0,2015-01-01,10.0,501.2
95,42.0,24.0,4.0,25.0,1998-01-01,27.0,494.35
96,24.0,6.0,3.0,25.0,1994-01-01,31.0,502.25
97,26.0,8.0,2.0,15.0,2021-01-01,4.0,496.55
98,41.0,23.0,1.0,13.0,2009-01-01,16.0,488.65
99,18.0,0.0,3.0,19.0,2000-01-01,25.0,504.35
100,61.0,32.0,5.0,15.0,2004-01-01,21.0,488.55
101,25.0,3.0,1.0,15.0,2021-01-01,4.0,496.75
102,41.0,21.0,1.0,24.0,2017-01-01,8.0,489.0
103,28.0,1.0,0.0,14.0,2011-01-01,14.0,496.2
104,34.0,9.0,4.0,24.0,2006-01-01,19.0,499.6
105,25.0,4.0,3.0,14.0,2015-01-01,10.0,500.0
106,52.0,9.0,1.0,22.0,1996-01-01,29.0,492.4
107,93.58571428571429,17.22,0.0,11.0,2015-01-01,10.0,975.3276666666667
108,50.0,32.0,5.0,17.0,2014-01-01,11.0,489.85
109,22.0,4.0,2.0,19.0,1999-01-01,26.0,500.95
110,59.0,30.0,3.0,13.0,2008-01-01,17.0,486.05
111,56.0,35.0,1.0,22.0,2000-01-01,25.0,483.4
112,58.0,23.0,4.0,23.0,2002-01-01,23.0,490.95
113,45.0,14.0,0.0,25.0,1997-01-01,28.0,490.85
114,24.0,6.0,1.0,12.0,1993-01-01,32.0,498.7
115,26.0,7.0,4.0,13.0,2020-01-01,5.0,499.85
116,25.0,4.0,1.0,11.0,2017-01-01,8.0,496.65
117,29.0,11.0,3.0,16.0,2000-01-01,25.0,498.7
118,51.0,3.0,3.0,21.0,1990-01-01,35.0,497.95
119,50.0,11.0,3.0,21.0,2013-01-01,12.0,493.45
120,65.0,1.0,,17.0,2020-01-01,5.0,495.55
121,40.0,22.0,5.0,21.0,2015-01-01,10.0,494.95
122,41.0,23.0,0.0,21.0,1994-01-01,31.0,489.05
123,54.0,35.0,3.0,12.0,2009-01-01,16.0,485.4
124,52.0,34.0,4.0,18.0,2000-01-01,25.0,488.8
125,61.0,25.0,1.0,24.0,2022-01-01,3.0,483.3
126,57.0,26.0,2.0,16.0,2016-01-01,9.0,485.5
127,39.0,4.0,4.0,24.0,2023-01-01,2.0,498.4
128,44.0,19.0,5.0,14.0,2004-01-01,21.0,495.8
129,52.0,10.0,5.0,15.0,2021-01-01,4.0,495.25
130,18.0,0.0,4.0,18.0,2010-01-01,15.0,504.8
131,52.0,34.0,5.0,24.0,1994-01-01,31.0,491.2
132,54.0,36.0,3.0,13.0,1995-01-01,30.0,486.55
133,64.0,5.0,0.0,13.0,2011-01-01,14.0,487.75
134,31.0,7.0,1.0,24.0,2007-01-01,18.0,496.2
135,20.0,2.0,0.0,25.0,2003-01-01,22.0,498.85
136,18.0,0.0,1.0,24.0,1999-01-01,26.0,501.7
137,22.0,4.0,1.0,21.0,2002-01-01,23.0,499.25
138,43.0,25.0,0.0,14.0,2020-01-01,5.0,485.1
139,31.0,12.0,4.0,11.0,2019-01-01,6.0,497.35
140,56.0,38.0,1.0,19.0,1992-01-01,33.0,483.15
141,,2.2200000000000006,0.0,18.0,2019-01-01,6.0,487.6
142,26.0,8.0,1.0,18.0,1995-01-01,30.0,497.8
143,32.0,14.0,2.0,24.0,2018-01-01,7.0,494.3
144,32.0,14.0,4.0,20.0,1997-01-01,28.0,499.2
145,43.0,11.0,3.0,16.0,2022-01-01,3.0,493.7
146,59.0,35.0,1.0,17.0,2006-01-01,19.0,481.95
147,30.0,3.0,2.0,16.0,2000-01-01,25.0,499.4
148,49.0,4.0,3.0,19.0,2002-01-01,23.0,496.75
149,56.0,36.0,3.0,13.0,2000-01-01,25.0,485.65
150,49.0,7.0,1.0,24.0,2020-01-01,5.0,491.3
151,21.0,3.0,0.0,13.0,2017-01-01,8.0,496.35
152,47.0,29.0,1.0,13.0,1995-01-01,30.0,487.05
153,54.0,8.0,2.0,20.0,2005-01-01,20.0,492.8
154,40.0,22.0,3.0,13.0,1993-01-01,32.0,493.75
155,56.0,13.0,1.0,19.0,2024-01-01,1.0,487.45
156,62.0,39.0,0.0,22.0,2015-01-01,10.0,478.0
157,32.0,14.0,1.0,14.0,2001-01-01,24.0,494.0
158,18.41428571428571,6.220000000000001,4.0,23.0,2000-01-01,25.0,985.1276666666668
159,46.0,10.0,0.0,17.0,2014-01-01,11.0,489.75
160,53.0,22.0,2.0,24.0,2007-01-01,18.0,488.8
161,30.0,0.0,3.0,25.0,2008-01-01,17.0,501.45
162,49.0,31.0,1.0,19.0,2012-01-01,13.0,484.65
163,24.0,6.0,0.0,21.0,2007-01-01,18.0,496.25
164,39.0,21.0,4.0,22.0,2015-01-01,10.0,494.0
165,45.0,27.0,0.0,17.0,1995-01-01,30.0,486.75
166,19.0,1.0,5.0,19.0,1993-01-01,32.0,507.55
167,59.0,0.0,4.0,22.0,2018-01-01,7.0,496.0
168,62.0,39.0,2.0,13.0,2023-01-01,2.0,479.75
169,23.0,5.0,3.0,25.0,2006-01-01,19.0,501.55
170,45.0,20.0,2.0,14.0,2005-01-01,20.0,490.7
171,45.0,8.0,1.0,24.0,1991-01-01,34.0,494.7
172,61.0,8.0,0.0,18.0,2023-01-01,2.0,486.5
173,61.0,9.0,5.0,16.0,1997-01-01,28.0,496.2
174,37.0,19.0,4.0,15.0,2002-01-01,23.0,495.95
175,47.0,29.0,4.0,23.0,1997-01-01,28.0,491.85
176,28.0,10.0,0.0,14.0,2019-01-01,6.0,492.7
177,45.0,24.0,5.0,18.0,2021-01-01,4.0,492.6
178,42.0,24.0,0.0,11.0,2025-01-01,0.0,484.95
179,56.0,10.0,1.0,24.0,2019-01-01,6.0,489.1
180,50.0,32.0,2.0,19.0,1990-01-01,35.0,487.85
181,18.0,0.0,4.0,11.0,2006-01-01,19.0,504.85
182,44.0,,1.0,18.0,2009-01-01,16.0,493.4
183,30.0,12.0,2.0,14.0,2013-01-01,12.0,495.3
184,58.0,11.22,1.0,19.0,2011-01-01,14.0,484.45
185,20.0,2.0,5.0,24.0,2018-01-01,7.0,
186,56.0,26.0,4.0,21.0,2011-01-01,14.0,489.45
187,23.0,5.0,0.0,15.0,1998-01-01,27.0,497.35
188,25.0,7.0,0.0,13.0,1999-01-01,26.0,496.15
189,44.0,24.0,2.0,19.0,2025-01-01,0.0,
190,26.0,6.0,3.0,21.0,2017-01-01,8.0,499.35
191,54.0,5.0,5.0,24.0,2017-01-01,8.0,497.2
192,50.0,23.0,2.0,24.0,2010-01-01,15.0,488.8
193,,32.0,3.0,19.0,2013-01-01,12.0,485.25
194,61.0,28.0,1.0,14.0,1991-01-01,34.0,485.0
195,41.0,21.0,5.0,21.0,1997-01-01,28.0,496.85
196,32.0,14.0,1.0,14.0,2016-01-01,9.0,492.5
197,49.0,27.0,4.0,22.0,2011-01-01,,490.6
198,7.414285714285711,5.220000000000001,5.0,18.0,2016-01-01,9.0,477.05
199,41.0,6.0,3.0,12.0,2018-01-01,7.0,495.8
200,58.0,16.0,4.0,19.0,1992-01-01,33.0,493.85
201,29.0,11.0,0.0,23.0,2002-01-01,23.0,494.35
202,56.0,38.0,3.0,24.0,1999-01-01,26.0,485.7
203,19.0,1.0,2.0,16.0,2025-01-01,0.0,499.7
204,20.0,2.0,0.0,19.0,1998-01-01,27.0,499.05
205,54.0,27.0,0.0,18.0,2016-01-01,9.0,482.9
206,34.0,16.0,2.0,25.0,2023-01-01,2.0,492.85
207,19.0,1.0,,25.0,1990-01-01,35.0,508.15
208,19.0,0.0,0.0,17.0,2021-01-01,4.0,497.45
209,45.0,27.0,3.0,23.0,2014-01-01,11.0,489.65
210,40.0,12.0,4.0,24.0,2018-01-01,7.0,496.3
211,54.0,29.0,0.0,11.0,1996-01-01,29.0,483.95
212,49.0,22.0,3.0,24.0,1992-01-01,33.0,492.6
213,50.0,18.0,1.0,22.0,2009-01-01,16.0,488.8
214,18.0,0.0,3.0,,2009-01-01,16.0,503.15
215,36.0,18.0,4.0,21.0,2019-01-01,,495.05
216,19.0,1.0,3.0,24.0,2024-01-01,1.0,501.7
217,61.0,28.0,2.0,12.0,2024-01-01,1.0,483.1
218,43.0,25.0,4.0,15.0,2016-01-01,9.0,491.55
219,49.0,15.0,5.0,25.0,2015-01-01,10.0,495.45
220,23.0,5.0,1.0,15.0,2003-01-01,22.0,498.35
221,49.0,18.0,2.0,15.0,2006-01-01,19.0,490.45
222,21.0,3.0,5.0,14.0,2007-01-01,18.0,504.9
223,28.0,0.0,3.0,15.0,2018-01-01,7.0,500.35
224,34.0,13.0,4.0,13.0,2009-01-01,16.0,497.55
225,55.0,1.0,1.0,22.0,2016-01-01,9.0,492.2
226,41.0,23.0,2.0,11.0,2007-01-01,18.0,490.25
227,22.0,4.0,5.0,15.0,1993-01-01,32.0,505.85
228,51.0,33.0,5.0,23.0,1990-01-01,35.0,492.05
229,23.0,3.0,1.0,19.0,1990-01-01,35.0,500.45
230,39.0,0.0,3.0,23.0,2015-01-01,10.0,498.85
231,28.0,7.0,1.0,19.0,2009-01-01,16.0,496.35
232,65.0,28.0,5.0,14.0,2012-01-01,13.0,488.1
233,33.0,15.0,0.0,13.0,1999-01-01,26.0,492.15
234,50.0,2.0,2.0,11.0,2000-01-01,25.0,495.45
235,26.0,8.0,1.0,12.0,1994-01-01,31.0,497.6
236,23.0,5.0,5.0,18.0,1990-01-01,35.0,505.8
237,33.0,9.0,3.0,11.0,2006-01-01,19.0,497.65
238,46.0,18.0,5.0,18.0,2011-01-01,14.0,
239,20.0,2.0,3.0,23.0,2023-01-01,2.0,501.25
240,37.0,19.0,1.0,17.0,2018-01-01,7.0,489.95
241,53.0,22.0,3.0,25.0,1993-01-01,32.0,491.75
242,36.0,18.0,4.0,18.0,1994-01-01,31.0,497.4
243,43.0,25.0,4.0,22.0,2000-01-01,25.0,493.5
244,61.58571428571429,16.78,4.0,16.0,2010-01-01,15.0,9.922333333333313
245,36.0,18.0,0.0,22.0,2024-01-01,1.0,488.6
246,37.0,7.0,1.0,24.0,2001-01-01,24.0,495.6
247,49.0,0.0,5.0,25.0,2015-01-01,10.0,499.95
248,24.0,2.0,5.0,25.0,2008-01-01,17.0,505.05
249,58.0,23.0,0.0,19.0,1996-01-01,29.0,485.35
250,50.0,22.0,3.0,13.0,1996-01-01,29.0,491.45
251,,7.0,0.0,20.0,2015-01-01,10.0,488.5
252,56.0,36.0,3.0,14.0,1994-01-01,31.0,486.3
253,35.0,2.0,3.0,23.0,2010-01-01,15.0,499.55
254,57.0,32.0,2.0,16.0,2003-01-01,22.0,485.0
255,18.0,0.0,5.0,18.0,1993-01-01,32.0,508.0
256,,7.0,4.0,15.0,2012-01-01,13.0,500.35
257,45.0,27.0,3.0,13.0,2009-01-01,16.0,489.65
258,42.0,24.0,2.0,16.0,2004-01-01,21.0,490.3
259,40.0,22.0,5.0,14.0,2018-01-01,7.0,494.3
260,48.0,,4.0,19.0,1997-01-01,28.0,493.25
261,47.0,13.0,3.0,23.0,2008-01-01,17.0,494.05
262,59.0,31.0,3.0,13.0,2017-01-01,8.0,484.85
263,52.0,15.0,0.0,14.0,2016-01-01,9.0,486.7
264,24.0,3.0,0.0,17.0,1993-01-01,32.0,498.35
265,33.0,15.0,5.0,17.0,2004-01-01,21.0,499.35
266,43.0,20.0,4.0,22.0,2024-01-01,1.0,492.6
267,65.0,13.0,3.0,22.0,1990-01-01,35.0,492.2
268,19.0,1.0,5.0,14.0,1992-01-01,33.0,507.4
269,18.0,0.0,5.0,16.0,2013-01-01,12.0,505.9
270,65.0,6.0,1.0,22.0,2016-01-01,9.0,488.7
271,,9.0,0.0,23.0,2025-01-01,0.0,492.65
272,22.0,4.0,4.0,13.0,2023-01-01,2.0,501.25
273,54.0,32.0,3.0,16.0,2018-01-01,7.0,485.6
274,49.0,22.0,5.0,22.0,2013-01-01,12.0,493.4
275,26.0,8.0,3.0,12.0,2013-01-01,12.0,498.7
276,58.0,18.0,1.0,18.0,1993-01-01,32.0,488.6
277,52.0,18.0,4.0,12.0,1992-01-01,33.0,494.1
278,36.0,18.0,5.0,21.0,2023-01-01,2.0,496.15
279,65.0,28.0,3.0,17.0,2012-01-01,13.0,485.25
280,33.0,15.0,0.0,19.0,2012-01-01,13.0,491.15
281,,1.0,1.0,11.0,1994-01-01,31.0,
282,37.0,0.0,4.0,18.0,2020-01-01,5.0,500.0
283,41.0,4.0,1.0,17.0,1995-01-01,30.0,495.95
284,50.0,19.0,0.0,16.0,1999-01-01,26.0,487.7
285,41.0,10.0,4.0,16.0,1996-01-01,29.0,498.5
286,28.0,1.0,1.0,16.0,2010-01-01,15.0,497.9
287,25.0,2.0,2.0,19.0,2009-01-01,16.0,499.95
288,53.0,22.0,0.0,12.0,1992-01-01,33.0,486.7
289,55.0,11.0,0.0,11.0,2011-01-01,14.0,487.65
290,57.0,4.220000000000001,0.0,23.0,1993-01-01,32.0,487.25
291,37.0,4.0,2.0,22.0,2017-01-01,,496.3
292,52.0,34.0,2.0,16.0,2001-01-01,24.0,485.6
293,65.0,37.0,3.0,20.0,2025-01-01,0.0,481.4
294,42.0,24.0,5.0,21.0,1994-01-01,31.0,496.05
295,52.0,8.0,1.0,18.0,2002-01-01,23.0,491.9
296,42.0,24.0,3.0,13.0,2012-01-01,13.0,490.85
297,46.0,,1.0,22.0,2019-01-01,6.0,485.6
298,35.0,17.0,5.0,20.0,2014-01-01,11.0,497.5
299,63.0,23.0,2.0,11.0,2016-01-01,9.0,484.95
300,35.0,16.0,5.0,19.0,2003-01-01,22.0,498.85
301,19.0,1.0,2.0,23.0,2025-01-01,0.0,500.05
302,52.0,29.0,5.0,23.0,2005-01-01,20.0,491.55
303,33.0,15.0,3.0,11.0,2011-01-01,14.0,495.35
304,58.0,31.0,4.0,13.0,2010-01-01,15.0,487.25
305,53.0,16.0,3.0,18.0,2010-01-01,15.0,491.5
306,50.0,16.0,1.0,24.0,1997-01-01,28.0,490.7
307,21.0,3.0,3.0,13.0,2005-01-01,20.0,502.05
308,50.0,8.0,0.0,23.0,2020-01-01,5.0,489.25
309,31.0,13.0,1.0,14.0,1999-01-01,26.0,494.7
310,38.0,1.0,5.0,18.0,2021-01-01,4.0,500.9
311,65.0,24.0,1.0,11.0,2023-01-01,2.0,482.05
312,37.0,19.0,4.0,23.0,1998-01-01,27.0,496.75
313,25.0,7.0,2.0,23.0,2006-01-01,19.0,498.95
314,24.0,6.0,5.0,16.0,2000-01-01,25.0,504.2
315,20.0,2.0,1.0,11.0,2021-01-01,4.0,497.85
316,34.0,16.0,5.0,24.0,1999-01-01,26.0,499.7
317,50.0,28.0,5.0,11.0,2011-01-01,14.0,491.05
318,65.0,33.0,5.0,24.0,2006-01-01,19.0,487.7
319,29.0,11.0,2.0,18.0,1993-01-01,32.0,498.0
320,39.0,21.0,3.0,21.0,2014-01-01,11.0,492.55
321,39.0,10.0,5.0,14.0,2010-01-01,15.0,498.9
322,63.0,5.0,0.0,22.0,1990-01-01,35.0,490.5
323,47.0,17.0,4.0,11.0,2014-01-01,11.0,493.15
324,55.0,20.0,2.0,20.0,2025-01-01,0.0,487.0
325,55.0,35.0,1.0,17.0,2006-01-01,19.0,482.75
326,62.0,40.0,2.0,15.0,2013-01-01,12.0,480.55
327,25.0,7.0,1.0,15.0,1991-01-01,34.0,498.55
328,44.0,26.0,2.0,11.0,2004-01-01,21.0,489.05
329,44.0,16.0,1.0,24.0,2021-01-01,4.0,489.5
330,51.0,33.0,5.0,20.0,1995-01-01,30.0,491.4
331,38.0,20.0,3.0,21.0,1990-01-01,35.0,495.45
332,47.0,29.0,1.0,16.0,2012-01-01,13.0,485.5
333,50.0,11.0,1.0,24.0,2006-01-01,,491.3
334,45.0,22.0,0.0,19.0,2023-01-01,2.0,485.55
335,64.0,21.0,1.0,19.0,2018-01-01,,484.05
336,50.0,20.0,0.0,18.0,1998-01-01,27.0,487.6
337,22.0,4.0,,15.0,2002-01-01,23.0,503.45
338,65.0,30.0,5.0,11.0,1995-01-01,30.0,489.05
339,36.0,5.0,0.0,19.0,1995-01-01,30.0,495.25
340,21.0,3.0,3.0,11.0,2009-01-01,16.0,501.55
341,52.0,34.0,5.0,18.0,1992-01-01,33.0,491.1
342,34.0,16.0,0.0,15.0,2006-01-01,19.0,491.05
343,61.0,11.0,5.0,13.0,2001-01-01,24.0,495.05
344,45.0,40.0,5.0,21.0,1990-01-01,35.0,501.25
345,47.0,,5.0,17.0,2006-01-01,19.0,498.15
346,46.0,16.0,4.0,17.0,1992-01-01,33.0,496.15
347,63.0,25.0,3.0,19.0,2015-01-01,10.0,486.35
348,23.0,5.0,2.0,17.0,2004-01-01,21.0,499.85
349,52.0,27.0,2.0,23.0,2025-01-01,0.0,485.65
350,58.0,1.0,0.0,21.0,2021-01-01,4.0,489.55
351,54.0,0.0,5.0,24.0,2021-01-01,4.0,498.3
352,82.58571428571429,37.78,0.0,13.0,1993-01-01,32.0,982.5276666666666
353,46.0,25.0,4.0,21.0,2007-01-01,18.0,492.15
354,63.0,28.0,4.0,23.0,2008-01-01,17.0,487.85
355,48.0,20.0,1.0,25.0,2024-01-01,1.0,487.25
356,52.0,10.0,4.0,24.0,2003-01-01,22.0,496.0
357,50.0,32.0,1.0,23.0,2022-01-01,3.0,483.35
358,38.0,10.0,3.0,11.0,2003-01-01,22.0,496.65
359,49.0,31.0,0.0,18.0,2023-01-01,2.0,482.0
360,40.0,22.0,3.0,22.0,1993-01-01,32.0,494.2
361,50.0,32.0,4.0,13.0,2013-01-01,12.0,488.25
362,20.0,2.0,3.0,22.0,2018-01-01,7.0,501.7
363,35.0,17.0,3.0,18.0,2008-01-01,17.0,495.0
364,,23.0,3.0,18.0,1995-01-01,30.0,493.1
365,59.0,21.0,4.0,23.0,2022-01-01,3.0,489.35
366,48.0,4.0,5.0,15.0,2008-01-01,17.0,499.15
367,20.0,2.0,3.0,23.0,1990-01-01,35.0,504.55
368,57.0,35.0,1.0,22.0,1994-01-01,31.0,483.8
369,63.0,19.0,4.0,23.0,2016-01-01,9.0,489.75
370,41.0,18.0,3.0,11.0,2005-01-01,20.0,493.45
371,49.0,31.0,5.0,23.0,1995-01-01,30.0,492.55
372,64.0,16.0,4.0,20.0,2002-01-01,23.0,491.7
373,39.0,21.0,2.0,17.0,2024-01-01,1.0,489.85
374,40.0,8.0,5.0,22.0,2008-01-01,17.0,499.9
375,19.0,1.0,1.0,20.0,2001-01-01,24.0,500.8
376,44.0,1.0,3.0,15.0,2005-01-01,,498.15
377,59.0,8.0,2.0,18.0,1999-01-01,26.0,492.3
378,19.0,1.0,2.0,19.0,2014-01-01,11.0,500.95
379,43.0,25.0,4.0,21.0,2009-01-01,16.0,492.55
380,34.0,16.0,2.0,24.0,2020-01-01,5.0,493.1
381,57.0,0.0,1.0,17.0,1993-01-01,32.0,494.15
382,50.0,24.0,1.0,24.0,2012-01-01,13.0,486.8
383,26.0,8.0,0.0,23.0,1991-01-01,34.0,496.95
384,60.0,24.0,1.0,25.0,2011-01-01,14.0,484.95
385,65.0,38.0,5.0,17.0,1997-01-01,28.0,486.75
386,56.0,34.0,2.0,11.0,1996-01-01,29.0,485.05
387,46.0,2.0,1.0,25.0,2003-01-01,22.0,495.15
388,100.58571428571429,21.22,4.0,14.0,1992-01-01,33.0,477.05
389,43.0,25.0,0.0,12.0,2005-01-01,20.0,486.5
390,52.0,34.0,2.0,12.0,2008-01-01,17.0,484.7
391,42.0,24.0,0.0,12.0,2007-01-01,18.0,
392,41.0,11.0,2.0,14.0,2005-01-01,20.0,494.2
393,30.0,12.0,4.0,24.0,1997-01-01,28.0,500.4
394,24.0,6.0,0.0,11.0,2022-01-01,3.0,494.25
395,53.0,16.0,3.0,25.0,2001-01-01,24.0,492.75
396,62.0,9.0,5.0,14.0,2000-01-01,,495.6
397,37.0,11.0,5.0,12.0,1994-01-01,31.0,500.5
398,18.0,0.0,2.0,15.0,2016-01-01,9.0,501.05
399,25.0,,3.0,13.0,2001-01-01,24.0,500.45
400,63.0,18.0,0.0,25.0,2006-01-01,19.0,485.15
401,33.0,7.0,3.0,22.0,1995-01-01,30.0,499.9
402,31.0,13.0,3.0,18.0,2022-01-01,3.0,495.6
403,29.0,11.0,0.0,14.0,1994-01-01,31.0,494.7
404,40.0,16.0,4.0,11.0,2017-01-01,8.0,494.55
405,32.0,14.0,3.0,11.0,2003-01-01,22.0,496.65
406,45.0,27.0,3.0,22.0,1994-01-01,31.0,491.6
407,,15.0,4.0,20.0,2022-01-01,3.0,492.6
408,19.0,1.0,3.0,13.0,2008-01-01,17.0,502.75
409,49.0,7.0,3.0,25.0,2011-01-01,,495.25
410,40.0,22.0,3.0,19.0,1994-01-01,31.0,493.95
411,39.0,17.0,5.0,17.0,1991-01-01,34.0,498.85
412,42.0,24.0,1.0,12.0,2019-01-01,6.0,487.1
413,39.0,11.0,4.0,25.0,1993-01-01,32.0,499.35
414,39.0,14.0,3.0,23.0,2022-01-01,3.0,493.95
415,59.0,25.0,5.0,19.0,2002-01-01,23.0,491.45
416,23.0,5.0,4.0,20.0,2009-01-01,16.0,502.5
417,32.0,14.0,2.0,12.0,1996-01-01,29.0,495.9
418,60.0,31.0,2.0,13.0,2004-01-01,21.0,484.45
419,54.0,9.0,3.0,21.0,2012-01-01,13.0,493.35
420,50.0,15.0,5.0,23.0,2003-01-01,22.0,496.35
421,25.0,6.0,5.0,20.0,2012-01-01,13.0,503.0
422,61.0,16.0,4.0,24.0,2008-01-01,17.0,491.9
423,19.41428571428571,36.78,4.0,12.0,2018-01-01,7.0,477.05
424,22.0,4.0,5.0,13.0,2009-01-01,16.0,504.15
425,97.58571428571429,5.220000000000001,4.0,16.0,2018-01-01,7.0,984.0776666666667
426,21.0,3.0,5.0,19.0,2013-01-01,12.0,504.55
427,23.0,5.0,1.0,19.0,2007-01-01,18.0,498.15
428,62.0,13.0,5.0,17.0,1999-01-01,26.0,494.65
429,,,2.0,22.0,1997-01-01,28.0,492.9
430,47.0,6.0,4.0,13.0,2015-01-01,10.0,496.45
431,64.0,8.0,5.0,14.0,2018-01-01,7.0,493.7
432,52.0,7.0,5.0,16.0,1999-01-01,26.0,498.4
433,57.0,22.0,4.0,,2006-01-01,19.0,490.95
434,33.0,15.0,1.0,15.0,1991-01-01,34.0,494.55
435,30.0,12.0,1.0,12.0,1995-01-01,30.0,495.5
436,59.0,30.0,4.0,23.0,1994-01-01,31.0,489.45
437,47.0,29.0,0.0,16.0,2017-01-01,8.0,483.5
438,36.0,18.0,4.0,13.0,1994-01-01,31.0,
439,34.0,16.0,4.0,24.0,2007-01-01,18.0,497.4
440,,17.0,1.0,18.0,2015-01-01,10.0,491.1
441,45.0,27.0,1.0,12.0,2009-01-01,16.0,486.6
442,1.414285714285711,1.2200000000000006,4.0,11.0,2016-01-01,9.0,987.8276666666667
443,54.0,13.0,4.0,19.0,2001-01-01,24.0,494.65
444,43.0,25.0,4.0,24.0,1996-01-01,29.0,
445,40.0,22.0,1.0,22.0,1992-01-01,33.0,491.3
446,26.0,8.0,4.0,13.0,1999-01-01,26.0,501.65
447,29.0,11.0,4.0,21.0,2023-01-01,2.0,498.15
448,18.0,0.0,3.0,11.0,2014-01-01,11.0,502.55
449,18.0,0.0,0.0,17.0,2024-01-01,1.0,497.35
450,64.0,39.0,2.0,23.0,2005-01-01,20.0,481.65
451,51.0,25.0,0.0,25.0,1991-01-01,34.0,486.95
452,49.0,22.0,3.0,20.0,2013-01-01,12.0,490.3
453,65.0,38.0,2.0,15.0,1999-01-01,26.0,481.95
454,42.0,14.0,4.0,15.0,2011-01-01,14.0,495.55
455,57.0,3.0,3.0,24.0,2015-01-01,10.0,494.4
456,62.0,28.0,4.0,11.0,2016-01-01,9.0,486.65
457,18.0,0.0,1.0,25.0,2018-01-01,7.0,499.85
458,33.0,15.0,5.0,25.0,2009-01-01,16.0,499.25
459,56.0,12.0,3.0,19.0,2016-01-01,9.0,491.55
460,22.0,4.0,1.0,17.0,2009-01-01,16.0,498.35
461,39.0,21.0,3.0,18.0,2008-01-01,17.0,493.0
462,46.0,15.0,3.0,19.0,2009-01-01,16.0,493.35
463,20.0,1.0,1.0,16.0,2024-01-01,1.0,498.1
464,29.0,11.0,2.0,22.0,1991-01-01,34.0,498.4
465,43.0,25.0,,15.0,2019-01-01,6.0,485.25
466,33.0,15.0,4.0,16.0,2023-01-01,2.0,495.9
467,54.0,12.0,3.0,21.0,2011-01-01,14.0,492.55
468,39.0,12.0,4.0,12.0,1992-01-01,33.0,498.5
469,46.0,17.0,5.0,14.0,1995-01-01,30.0,496.9
470,31.0,13.0,1.0,13.0,2004-01-01,21.0,494.15
471,45.0,27.0,4.0,23.0,2016-01-01,9.0,490.95
472,22.0,4.0,1.0,17.0,1999-01-01,26.0,499.35
473,64.0,38.0,4.0,19.0,1998-01-01,27.0,485.45
474,47.0,28.0,0.0,15.0,2022-01-01,3.0,483.25
475,104.58571428571429,13.22,0.0,16.0,2021-01-01,4.0,973.9776666666667
476,22.0,4.0,0.0,20.0,1995-01-01,30.0,498.4
477,29.0,9.0,0.0,24.0,2025-01-01,0.0,492.7
478,33.0,15.0,0.0,22.0,1991-01-01,34.0,493.4
479,43.0,24.0,0.0,22.0,2018-01-01,7.0,486.0
480,43.0,25.0,1.0,12.0,1993-01-01,32.0,489.2
481,65.0,19.0,3.0,13.0,1990-01-01,35.0,489.95
482,38.0,4.0,4.0,13.0,2008-01-01,17.0,499.55
483,14.414285714285711,40.0,0.0,22.0,2015-01-01,10.0,984.6776666666667
484,53.0,29.0,1.0,22.0,2014-01-01,11.0,484.4
485,8.414285714285711,16.78,1.0,25.0,1999-01-01,26.0,0.9723333333333244
486,47.0,13.0,1.0,19.0,2004-01-01,21.0,491.25
487,54.0,29.0,3.0,25.0,2011-01-01,14.0,487.65
488,40.0,3.0,4.0,17.0,2010-01-01,15.0,499.45
489,27.0,9.0,3.0,18.0,2011-01-01,14.0,498.7
490,22.0,4.0,2.0,,2025-01-01,0.0,498.45
491,53.0,24.0,1.0,20.0,2023-01-01,2.0,484.9
492,51.0,0.0,2.0,21.0,2019-01-01,6.0,494.45
493,48.0,14.0,5.0,19.0,2014-01-01,11.0,495.75
494,27.0,8.0,0.0,16.0,2017-01-01,8.0,493.8
495,36.0,,0.0,14.0,1990-01-01,35.0,492.8
496,49.0,23.0,3.0,22.0,1993-01-01,32.0,492.1
497,18.0,0.0,4.0,11.0,1996-01-01,29.0,505.85
498,22.0,4.0,2.0,18.0,1998-01-01,27.0,501.0
499,62.0,36.0,4.0,17.0,2025-01-01,0.0,483.65
500,21.0,3.0,3.0,12.0,2008-01-01,17.0,501.7
501,33.0,5.0,0.0,18.0,1990-01-01,35.0,496.3
502,41.0,23.0,4.0,22.0,1999-01-01,26.0,494.6
503,33.0,15.0,4.0,15.0,2025-01-01,0.0,495.65
504,19.0,1.0,0.0,17.0,1998-01-01,27.0,499.45
505,45.0,12.0,2.0,14.0,2021-01-01,4.0,491.5
506,49.0,,0.0,15.0,2021-01-01,4.0,482.05
507,44.0,24.0,4.0,18.0,1995-01-01,30.0,493.9
508,37.0,6.0,2.0,11.0,2006-01-01,19.0,496.25
509,41.0,3.0,2.0,11.0,1999-01-01,26.0,
510,29.0,7.0,0.0,25.0,2016-01-01,9.0,494.25
511,52.0,19.0,4.0,14.0,2024-01-01,1.0,490.7
512,50.0,28.0,,13.0,2010-01-01,15.0,488.25
513,50.0,9.0,4.0,23.0,2014-01-01,11.0,495.55
514,60.0,33.0,1.0,20.0,2017-01-01,8.0,481.4
515,54.0,25.0,5.0,22.0,2004-01-01,21.0,492.4
516,29.0,11.0,3.0,12.0,1993-01-01,32.0,499.2
517,20.0,2.0,2.0,22.0,2018-01-01,7.0,500.2
518,18.0,0.0,3.0,13.0,1998-01-01,27.0,504.25
519,50.0,4.0,2.0,21.0,2016-01-01,9.0,493.75
520,57.0,4.0,2.0,25.0,2015-01-01,10.0,492.65
521,27.0,9.0,3.0,25.0,2008-01-01,17.0,499.35
522,60.0,8.0,2.0,21.0,2017-01-01,8.0,490.45
523,61.0,34.0,2.0,24.0,2006-01-01,19.0,483.7
524,46.0,19.0,1.0,21.0,2009-01-01,,489.25
525,30.0,12.0,4.0,11.0,2012-01-01,13.0,498.25
526,29.0,11.0,4.0,11.0,2021-01-01,4.0,497.85
527,48.0,16.0,5.0,16.0,2022-01-01,3.0,494.2
528,63.0,23.0,5.0,15.0,1994-01-01,31.0,491.85
529,19.0,1.0,1.0,18.0,2023-01-01,2.0,498.5
530,52.0,31.0,5.0,12.0,2000-01-01,25.0,490.9
531,40.0,22.0,3.0,14.0,1992-01-01,33.0,493.9
532,34.0,16.0,0.0,18.0,2022-01-01,3.0,489.6
533,43.0,12.0,0.0,22.0,2000-01-01,25.0,491.4
534,25.0,7.0,0.0,16.0,2005-01-01,20.0,495.7
535,46.0,8.0,1.0,11.0,2007-01-01,18.0,492.25
536,43.0,3.0,1.0,25.0,2019-01-01,6.0,493.85
537,27.0,9.0,2.0,14.0,1999-01-01,26.0,498.2
538,43.0,25.0,0.0,11.0,2007-01-01,18.0,486.25
539,51.0,33.0,3.0,23.0,2008-01-01,17.0,487.25
540,58.0,10.0,5.0,12.0,2025-01-01,0.0,
541,24.0,6.0,3.0,15.0,2002-01-01,23.0,500.95
542,21.0,2.0,5.0,24.0,1992-01-01,33.0,507.2
543,62.0,27.0,0.0,18.0,1999-01-01,26.0,483.0
544,28.0,10.0,0.0,18.0,1990-01-01,35.0,495.8
545,46.0,8.0,0.0,21.0,2016-01-01,9.0,490.35
546,53.0,2.0,1.0,13.0,1997-01-01,28.0,493.75
547,42.0,24.0,5.0,,2006-01-01,19.0,494.85
548,38.0,20.0,1.0,23.0,1998-01-01,27.0,491.75
549,53.0,11.0,1.0,14.0,1995-01-01,30.0,491.3
550,27.0,8.0,,20.0,2014-01-01,11.0,500.3
551,54.0,14.0,3.0,21.0,2017-01-01,8.0,491.35
552,67.58571428571429,22.78,3.0,24.0,2022-01-01,3.0,992.1776666666667
553,41.0,23.0,2.0,16.0,1998-01-01,27.0,491.4
554,52.0,,1.0,21.0,2007-01-01,18.0,492.75
555,52.0,10.0,5.0,21.0,2010-01-01,15.0,496.65
556,,33.0,4.0,20.0,1991-01-01,34.0,487.5
557,53.0,23.0,4.0,13.0,2025-01-01,0.0,489.15
558,35.0,14.0,3.0,12.0,2004-01-01,21.0,496.0
559,56.0,37.0,1.0,16.0,2017-01-01,8.0,480.8
560,49.0,7.0,2.0,21.0,2007-01-01,18.0,493.95
561,41.0,4.0,1.0,23.0,2023-01-01,2.0,493.45
562,40.0,22.0,0.0,25.0,2011-01-01,14.0,488.05
563,49.0,17.0,1.0,15.0,2000-01-01,25.0,489.85
564,54.0,5.0,0.0,24.0,2002-01-01,23.0,491.2
565,29.0,11.0,0.0,20.0,1993-01-01,32.0,495.1
566,30.0,12.0,2.0,15.0,2011-01-01,14.0,495.55
567,40.0,22.0,5.0,20.0,1996-01-01,29.0,496.8
568,42.0,4.0,3.0,23.0,2013-01-01,12.0,497.25
569,52.0,12.0,,15.0,1993-01-01,32.0,491.45
570,58.0,30.78,0.0,20.0,2017-01-01,8.0,485.4
571,,29.0,1.0,22.0,2004-01-01,21.0,486.6
572,34.0,16.0,5.0,15.0,1990-01-01,35.0,500.15
573,37.0,19.0,3.0,13.0,1992-01-01,33.0,495.35
574,65.0,2.0,5.0,17.0,2003-01-01,22.0,496.95
575,42.0,24.0,3.0,16.0,1990-01-01,35.0,493.2
576,39.0,21.0,4.0,14.0,2010-01-01,15.0,494.1
577,30.0,12.0,3.0,12.0,2018-01-01,7.0,496.2
578,36.0,18.0,2.0,22.0,1994-01-01,31.0,494.6
579,53.0,12.0,5.0,19.0,1999-01-01,26.0,496.85
580,29.0,11.0,0.0,11.0,2017-01-01,8.0,492.25
581,58.0,5.0,4.0,23.0,2010-01-01,15.0,495.55
582,36.0,18.0,2.0,23.0,1996-01-01,29.0,494.45
583,29.0,11.0,1.0,21.0,1992-01-01,33.0,496.75
584,26.0,8.0,5.0,25.0,2009-01-01,16.0,502.75
585,24.0,6.0,0.0,24.0,2008-01-01,17.0,496.3
586,45.0,27.0,3.0,14.0,2024-01-01,1.0,488.2
587,31.0,13.0,0.0,11.0,1993-01-01,32.0,493.65
588,48.0,30.0,1.0,23.0,1994-01-01,31.0,487.15
589,36.0,12.0,,16.0,1990-01-01,35.0,499.5
590,64.0,24.0,4.0,14.0,1993-01-01,32.0,489.9
591,33.0,15.0,5.0,15.0,2001-01-01,24.0,499.55
592,,4.0,4.0,15.0,2016-01-01,,502.05
593,52.0,34.0,5.0,19.0,2012-01-01,13.0,489.15
594,29.0,6.0,5.0,11.0,2014-01-01,11.0,501.55
595,42.0,4.0,5.0,23.0,2010-01-01,15.0,500.55
596,38.0,20.0,3.0,12.0,2013-01-01,12.0,492.7
597,53.0,22.0,2.0,23.0,2014-01-01,11.0,488.05
598,40.0,9.0,5.0,16.0,2021-01-01,4.0,498.0
599,33.0,15.0,5.0,15.0,2021-01-01,4.0,497.55
600,56.0,29.0,2.0,21.0,1994-01-01,31.0,487.25
601,62.0,38.0,0.0,17.0,2025-01-01,0.0,477.05
602,59.0,30.0,5.0,13.0,2005-01-01,20.0,489.35
603,56.0,17.0,3.0,13.0,2022-01-01,3.0,489.15
604,31.0,13.0,4.0,20.0,2010-01-01,15.0,498.4
605,48.0,1.0,4.0,12.0,1998-01-01,27.0,499.4
606,22.0,4.0,,23.0,1995-01-01,30.0,500.05
607,52.0,12.0,1.0,13.0,2024-01-01,1.0,488.25
608,40.0,22.0,4.0,20.0,2011-01-01,14.0,
609,46.0,11.0,4.0,11.0,1994-01-01,31.0,497.15
610,60.0,38.0,3.0,15.0,2012-01-01,13.0,
611,,1.0,2.0,24.0,2006-01-01,19.0,500.2
612,35.0,17.0,1.0,25.0,2001-01-01,24.0,493.05
613,64.0,12.0,2.0,22.0,2012-01-01,13.0,489.0
614,29.0,11.0,3.0,15.0,2005-01-01,20.0,498.15
615,26.0,8.0,4.0,22.0,1992-01-01,33.0,502.8
616,27.0,9.0,5.0,21.0,2019-01-01,6.0,501.05
617,102.58571428571429,24.22,2.0,17.0,2011-01-01,14.0,975.1276666666668
618,34.0,16.0,4.0,14.0,1998-01-01,27.0,497.8
619,55.0,33.0,4.0,13.0,2018-01-01,7.0,486.45
620,24.0,6.0,0.0,11.0,2012-01-01,13.0,495.25
621,63.0,34.0,2.0,22.0,2002-01-01,23.0,483.6
622,30.0,5.0,5.0,25.0,2021-01-01,4.0,501.65
623,57.0,18.0,2.0,18.0,2012-01-01,13.0,488.4
624,59.0,29.0,4.0,23.0,2006-01-01,19.0,488.55
625,26.0,6.0,5.0,13.0,2010-01-01,15.0,502.65
626,44.0,9.0,3.0,23.0,1991-01-01,34.0,497.55
627,19.0,1.0,0.0,25.0,1995-01-01,30.0,500.15
628,,4.0,4.0,12.0,2007-01-01,18.0,502.8
629,46.0,28.0,1.0,21.0,2019-01-01,6.0,485.55
630,54.0,27.0,1.0,14.0,2011-01-01,14.0,484.7
631,55.0,14.0,0.0,13.0,2022-01-01,3.0,485.75
632,36.0,18.0,3.0,,2019-01-01,6.0,
633,25.0,7.0,4.0,11.0,2006-01-01,19.0,501.35
634,65.0,28.0,2.0,13.0,2021-01-01,4.0,482.65
635,62.0,21.0,0.0,22.0,2003-01-01,22.0,484.6
636,18.0,0.0,3.0,12.0,1999-01-01,26.0,504.1
637,39.0,19.0,2.0,18.0,2025-01-01,0.0,490.4
638,34.0,16.0,1.0,16.0,2023-01-01,2.0,490.9
639,24.0,6.0,1.0,19.0,1998-01-01,27.0,498.55
640,42.0,3.0,2.0,18.0,2017-01-01,8.0,495.4
641,62.0,26.0,0.0,20.0,2000-01-01,25.0,483.3
642,21.0,3.0,1.0,13.0,2003-01-01,22.0,499.25
643,53.0,11.0,4.0,15.0,2008-01-01,17.0,494.55
644,23.0,5.0,,17.0,2004-01-01,21.0,504.35
645,48.0,16.0,2.0,15.0,2017-01-01,8.0,490.15
646,36.0,9.0,2.0,18.0,2013-01-01,12.0,495.2
647,61.0,0.0,1.0,22.0,1997-01-01,28.0,493.2
648,56.0,21.0,0.0,15.0,1998-01-01,27.0,485.95
649,44.0,25.0,4.0,11.0,2022-01-01,3.0,490.55
650,68.58571428571429,40.0,0.0,15.0,2022-01-01,3.0,986.7276666666667
651,43.0,13.0,3.0,14.0,2008-01-01,17.0,494.4
652,36.0,18.0,3.0,16.0,1992-01-01,33.0,496.0
653,56.0,11.0,5.0,13.0,1999-01-01,26.0,496.25
654,20.0,2.0,1.0,25.0,1990-01-01,35.0,501.65
655,62.0,34.0,1.0,21.0,2018-01-01,7.0,
656,30.0,11.0,1.0,15.0,2023-01-01,2.0,493.15
657,45.0,6.0,5.0,12.0,2002-01-01,23.0,499.6
658,37.0,19.0,,21.0,1990-01-01,35.0,495.95
659,45.0,10.0,0.0,16.0,2023-01-01,2.0,489.0
660,25.0,7.0,5.0,23.0,2018-01-01,7.0,502.25
661,58.0,5.0,5.0,25.0,2002-01-01,23.0,497.95
662,56.0,14.0,0.0,22.0,2018-01-01,7.0,486.4
663,18.0,0.0,1.0,16.0,2013-01-01,12.0,499.9
664,20.0,2.0,4.0,15.0,2015-01-01,10.0,503.15
665,30.0,12.0,0.0,16.0,2006-01-01,19.0,493.1
666,45.0,25.0,3.0,21.0,1996-01-01,29.0,491.95
667,42.0,24.0,2.0,17.0,2002-01-01,,490.55
668,50.0,32.0,2.0,22.0,1994-01-01,31.0,487.6
669,55.0,28.0,5.0,,2015-01-01,10.0,489.85
670,23.0,3.0,2.0,11.0,1992-01-01,33.0,501.35
671,61.0,16.0,4.0,18.0,1996-01-01,29.0,492.8
672,62.0,34.0,1.0,14.0,1990-01-01,35.0,483.1
673,49.0,12.0,3.0,19.0,2006-01-01,19.0,493.95
674,62.0,40.0,4.0,24.0,2014-01-01,11.0,483.9
675,105.58571428571429,23.22,3.0,20.0,1992-01-01,33.0,477.05
676,38.0,14.0,3.0,22.0,2004-01-01,21.0,495.9
677,33.0,15.0,1.0,16.0,2018-01-01,7.0,491.9
678,38.0,20.0,5.0,11.0,2021-01-01,4.0,494.85
679,28.0,10.0,2.0,13.0,2015-01-01,10.0,496.05
680,54.0,31.0,1.0,13.0,2005-01-01,,484.05
681,53.0,1.0,4.0,20.0,2014-01-01,11.0,497.2
682,52.0,13.0,5.0,22.0,2017-01-01,8.0,495.1
683,36.0,18.0,4.0,22.0,1998-01-01,27.0,497.2
684,37.0,19.0,5.0,,1990-01-01,35.0,498.6
685,35.0,10.0,4.0,16.0,2018-01-01,7.0,497.5
686,64.0,26.0,1.0,25.0,2011-01-01,14.0,483.55
687,58.0,2.0,5.0,17.0,2005-01-01,20.0,498.15
688,31.0,13.0,5.0,20.0,1996-01-01,29.0,501.3
689,,28.78,3.0,14.0,2003-01-01,22.0,990.5776666666667
690,48.0,28.0,3.0,16.0,2018-01-01,7.0,488.0
691,18.0,0.0,,21.0,2008-01-01,17.0,499.15
692,20.0,2.0,4.0,11.0,2008-01-01,17.0,503.65
693,33.0,15.0,3.0,24.0,1991-01-01,34.0,498.0
694,40.0,19.0,0.0,18.0,2004-01-01,21.0,489.3
695,28.0,5.0,3.0,17.0,1992-01-01,33.0,501.55
696,29.0,11.0,4.0,25.0,2000-01-01,25.0,
697,27.0,4.0,5.0,21.0,2019-01-01,6.0,502.55
698,49.0,2.0,2.0,21.0,2007-01-01,18.0,495.45
699,,0.0,4.0,19.0,1991-01-01,34.0,503.75
700,25.0,7.0,1.0,13.0,2021-01-01,4.0,495.45
701,,14.0,3.0,12.0,1997-01-01,28.0,492.7
702,29.0,11.0,3.0,11.0,2011-01-01,14.0,497.35
703,41.0,23.0,5.0,13.0,1995-01-01,30.0,496.05
704,45.0,24.0,1.0,15.0,2001-01-01,24.0,488.45
705,25.0,7.0,5.0,24.0,2025-01-01,0.0,501.6
706,45.0,11.0,1.0,21.0,2004-01-01,21.0,492.35
707,53.0,17.0,2.0,12.0,2017-01-01,8.0,488.7
708,43.0,14.0,3.0,22.0,2007-01-01,18.0,494.6
709,25.0,7.0,3.0,13.0,1991-01-01,34.0,501.45
710,45.0,26.0,2.0,25.0,2002-01-01,23.0,489.75
711,45.0,,0.0,25.0,2004-01-01,21.0,492.25
712,54.0,24.0,5.0,25.0,2009-01-01,16.0,492.35
713,58.0,,2.0,14.0,2018-01-01,7.0,488.0
714,11.414285714285711,13.22,5.0,17.0,2018-01-01,7.0,508.15
715,44.0,7.0,4.0,23.0,1992-01-01,33.0,499.55
716,34.0,14.0,3.0,13.0,2008-01-01,17.0,495.85
717,26.0,8.0,5.0,25.0,1992-01-01,33.0,504.45
718,50.0,6.0,1.0,19.0,2003-01-01,22.0,492.85
719,37.0,2.0,5.0,18.0,1993-01-01,32.0,503.6
720,30.0,12.0,4.0,14.0,2000-01-01,25.0,499.6
721,45.0,23.0,3.0,23.0,2020-01-01,5.0,490.25
722,65.0,2.0,2.0,11.0,2021-01-01,4.0,490.35
723,46.0,19.0,4.0,11.0,2016-01-01,9.0,492.55
724,30.0,12.0,3.0,11.0,2019-01-01,6.0,496.05
725,63.0,24.0,5.0,11.0,1991-01-01,34.0,491.65
726,52.0,29.0,0.0,18.0,1998-01-01,27.0,484.5
727,23.0,,,13.0,2017-01-01,8.0,495.35
728,35.0,6.0,1.0,25.0,2020-01-01,5.0,494.45
729,22.0,4.0,3.0,16.0,2023-01-01,2.0,499.9
730,64.0,19.0,0.0,13.0,2004-01-01,21.0,484.25
731,42.0,24.0,2.0,21.0,2014-01-01,11.0,489.55
732,19.0,1.0,3.0,15.0,2025-01-01,0.0,501.15
733,27.0,9.0,2.0,23.0,1997-01-01,28.0,498.85
734,47.0,21.0,2.0,25.0,1998-01-01,27.0,491.25
735,62.0,1.0,0.0,24.0,2021-01-01,4.0,488.9
736,22.0,4.0,3.0,23.0,2006-01-01,19.0,501.95
737,50.0,7.0,,25.0,2024-01-01,1.0,496.75
738,18.0,0.0,4.0,17.0,2008-01-01,17.0,504.95
739,35.0,12.0,0.0,12.0,2018-01-01,,490.7
740,49.0,16.0,0.0,16.0,1996-01-01,29.0,489.1
741,64.0,7.0,5.0,23.0,2017-01-01,8.0,494.55
742,28.0,10.0,3.0,16.0,1998-01-01,27.0,499.4
743,38.0,17.0,3.0,21.0,2017-01-01,8.0,493.65
744,43.0,25.0,2.0,13.0,1995-01-01,30.0,490.55
745,42.0,17.0,5.0,16.0,2018-01-01,7.0,495.5
746,39.0,21.0,5.0,20.0,2006-01-01,19.0,496.3
747,44.0,26.0,3.0,20.0,2005-01-01,20.0,490.9
748,30.0,12.0,2.0,24.0,2012-01-01,13.0,495.9
749,50.0,10.0,0.0,15.0,2020-01-01,5.0,488.25
750,51.0,24.0,1.0,22.0,1992-01-01,33.0,488.5
751,58.0,32.0,4.0,12.0,2010-01-01,15.0,486.9
752,52.0,34.0,0.0,19.0,2015-01-01,10.0,481.35
753,18.0,0.0,3.0,18.0,2025-01-01,0.0,501.8
754,38.0,7.0,4.0,13.0,2011-01-01,14.0,498.35
755,65.0,10.0,,18.0,2001-01-01,24.0,488.8
756,23.0,5.0,1.0,24.0,2002-01-01,23.0,498.9
757,45.0,23.0,2.0,19.0,2000-01-01,25.0,490.55
758,34.0,16.0,4.0,24.0,2005-01-01,20.0,497.6
759,22.0,4.0,2.0,25.0,1997-01-01,28.0,501.45
760,48.0,11.0,0.0,13.0,1991-01-01,34.0,491.15
761,22.0,4.0,5.0,13.0,2019-01-01,6.0,503.15
762,55.0,14.0,5.0,12.0,2019-01-01,6.0,493.5
763,20.0,2.0,5.0,18.0,2001-01-01,24.0,
764,40.0,21.0,4.0,20.0,1999-01-01,26.0,495.3
765,54.0,27.0,5.0,11.0,2000-01-01,25.0,491.65
766,54.0,19.0,0.0,18.0,2004-01-01,21.0,486.5
767,27.0,9.0,2.0,17.0,2005-01-01,20.0,497.75
768,27.0,9.0,4.0,24.0,2006-01-01,19.0,501.0
769,36.0,18.0,2.0,17.0,2015-01-01,10.0,492.25
770,34.0,16.0,4.0,13.0,1991-01-01,34.0,498.45
771,38.0,20.0,2.0,11.0,2001-01-01,24.0,492.35
772,31.0,1.0,1.0,14.0,2015-01-01,10.0,496.7
773,26.0,,2.0,19.0,2012-01-01,13.0,497.65
774,63.0,32.0,5.0,15.0,2007-01-01,18.0,487.85
775,18.0,0.0,1.0,11.0,2021-01-01,4.0,498.85
776,62.0,12.0,2.0,25.0,1992-01-01,33.0,491.55
777,30.0,12.0,4.0,15.0,1992-01-01,33.0,500.45
778,21.0,3.0,4.0,23.0,2019-01-01,6.0,502.65
779,18.0,0.0,4.0,18.0,1990-01-01,35.0,506.8
780,57.0,25.0,3.0,18.0,2019-01-01,6.0,487.1
781,49.0,21.0,0.0,15.0,2021-01-01,4.0,485.05
782,51.0,33.0,4.0,22.0,2017-01-01,8.0,487.8
783,45.0,1.0,1.0,19.0,2010-01-01,15.0,494.65
784,48.0,30.0,4.0,25.0,2002-01-01,23.0,490.95
785,25.0,7.0,3.0,11.0,2016-01-01,9.0,498.85
786,56.0,25.0,5.0,14.0,2025-01-01,0.0,489.5
787,43.0,14.0,1.0,13.0,1996-01-01,29.0,
788,51.0,33.0,3.0,12.0,2011-01-01,14.0,486.4
789,20.0,2.0,5.0,,1999-01-01,26.0,506.75
790,29.0,10.0,1.0,18.0,2004-01-01,21.0,495.7
791,18.0,0.0,2.0,17.0,2004-01-01,21.0,502.35
792,61.0,5.0,0.0,19.0,1993-01-01,32.0,490.45
793,22.0,4.0,0.0,12.0,2021-01-01,4.0,495.4
794,47.0,5.0,3.0,24.0,2012-01-01,13.0,496.1
795,47.0,8.0,5.0,24.0,1995-01-01,30.0,499.9
796,34.0,16.0,0.0,14.0,2013-01-01,12.0,490.3
797,65.0,30.0,5.0,24.0,2009-01-01,16.0,488.3
798,64.0,31.0,5.0,25.0,2009-01-01,16.0,488.25
799,40.0,22.0,3.0,16.0,2001-01-01,24.0,493.1
800,32.0,11.0,3.0,21.0,2022-01-01,3.0,496.15
801,54.0,7.0,3.0,13.0,2017-01-01,8.0,493.05
802,38.0,7.0,0.0,18.0,1997-01-01,28.0,494.0
803,31.0,13.0,3.0,13.0,1990-01-01,35.0,498.55
804,19.0,1.0,0.0,24.0,2011-01-01,14.0,498.5
805,28.0,6.0,3.0,22.0,1995-01-01,30.0,501.2
806,56.0,10.0,4.0,23.0,2010-01-01,15.0,494.45
807,55.0,19.0,5.0,23.0,2021-01-01,4.0,492.35
808,51.0,15.0,3.0,12.0,2024-01-01,1.0,490.5
809,55.0,3.0,1.0,23.0,2004-01-01,21.0,492.85
810,51.0,5.0,5.0,23.0,1994-01-01,31.0,
811,35.0,17.0,5.0,,1995-01-01,30.0,499.05
812,47.0,25.0,3.0,21.0,2014-01-01,11.0,489.75
813,32.0,2.0,2.0,16.0,2018-01-01,7.0,497.5
814,44.0,26.0,3.0,12.0,1996-01-01,29.0,491.4
815,51.0,13.0,5.0,18.0,2002-01-01,23.0,496.6
816,55.0,10.0,1.0,11.0,2007-01-01,18.0,489.85
817,50.0,,5.0,17.0,1991-01-01,34.0,496.65
818,41.0,11.0,1.0,12.0,1997-01-01,28.0,493.4
819,32.0,14.0,0.0,20.0,2000-01-01,25.0,492.9
820,47.0,11.0,4.0,22.0,2022-01-01,3.0,494.7
821,59.0,12.0,5.0,16.0,2016-01-01,9.0,493.8
822,34.0,16.0,3.0,22.0,2009-01-01,16.0,495.6
823,22.0,4.0,0.0,12.0,2001-01-01,24.0,497.4
824,46.0,28.0,4.0,12.0,2020-01-01,5.0,489.5
825,21.0,,3.0,20.0,2016-01-01,9.0,501.3
826,27.0,9.0,2.0,23.0,2021-01-01,4.0,496.45
827,34.0,16.0,3.0,18.0,1999-01-01,26.0,496.4
828,27.0,23.78,1.0,25.0,1992-01-01,33.0,497.95
829,34.0,5.0,1.0,25.0,2016-01-01,9.0,495.35
830,37.0,17.0,2.0,22.0,2024-01-01,1.0,491.7
831,41.0,18.0,0.0,12.0,2020-01-01,5.0,487.5
832,22.0,4.0,4.0,17.0,2004-01-01,21.0,503.35
833,51.0,33.0,3.0,13.0,2005-01-01,20.0,487.05
834,23.0,5.0,1.0,18.0,2002-01-01,23.0,498.6
835,19.0,1.0,0.0,17.0,2024-01-01,1.0,496.85
836,30.0,2.0,2.0,24.0,2000-01-01,25.0,500.1
837,60.0,27.0,5.0,18.0,2010-01-01,15.0,489.8
838,60.0,9.0,1.0,24.0,2000-01-01,25.0,490.5
839,65.0,34.0,2.0,17.0,2019-01-01,6.0,481.25
840,28.0,10.0,3.0,21.0,2024-01-01,1.0,497.05
841,64.0,14.0,4.0,16.0,2011-01-01,14.0,491.2
842,40.0,22.0,1.0,23.0,2020-01-01,5.0,488.55
843,33.0,6.0,1.0,17.0,2003-01-01,22.0,496.15
844,48.0,11.0,3.0,15.0,2013-01-01,12.0,493.55
845,28.0,10.0,5.0,17.0,2021-01-01,4.0,500.15
846,33.0,15.0,0.0,11.0,2025-01-01,0.0,489.45
847,25.0,21.78,4.0,11.0,2021-01-01,4.0,499.85
848,21.0,3.0,1.0,19.0,2004-01-01,21.0,499.45
849,57.0,19.0,4.0,24.0,2024-01-01,1.0,490.2
850,21.0,3.0,1.0,15.0,1992-01-01,33.0,500.45
851,42.0,3.0,4.0,23.0,2005-01-01,20.0,499.85
852,20.0,2.0,2.0,15.0,1994-01-01,31.0,502.25
853,49.0,19.0,1.0,13.0,2010-01-01,15.0,488.15
854,20.0,2.0,4.0,15.0,1999-01-01,26.0,504.75
855,44.0,26.0,0.0,13.0,2008-01-01,17.0,485.75
856,46.0,28.0,2.0,19.0,2014-01-01,11.0,487.45
857,49.0,31.0,2.0,19.0,1993-01-01,32.0,488.05
858,36.0,18.0,0.0,16.0,2018-01-01,7.0,488.9
859,38.0,20.0,4.0,25.0,2008-01-01,17.0,495.35
860,22.0,1.0,3.0,11.0,1991-01-01,34.0,503.75
861,35.0,14.0,0.0,17.0,1999-01-01,26.0,492.25
862,45.0,27.0,4.0,17.0,2014-01-01,11.0,490.85
863,,35.0,0.0,24.0,2009-01-01,16.0,480.5
864,39.0,5.0,0.0,20.0,2008-01-01,17.0,493.4
865,38.0,20.0,1.0,20.0,2012-01-01,13.0,490.2
866,23.0,5.0,4.0,14.0,2013-01-01,12.0,501.8
867,18.0,0.0,3.0,18.0,2000-01-01,25.0,504.3
868,22.0,4.0,1.0,16.0,2023-01-01,2.0,496.9
869,58.0,39.0,0.0,14.0,2017-01-01,8.0,478.2
870,29.0,11.0,5.0,14.0,1994-01-01,31.0,502.2
871,43.0,14.0,0.0,12.0,1994-01-01,31.0,490.9
872,63.0,32.0,0.0,24.0,2010-01-01,15.0,480.5
873,51.0,33.0,4.0,12.0,2001-01-01,24.0,488.9
874,31.0,13.0,4.0,22.0,1993-01-01,32.0,500.2
875,43.0,7.0,1.0,24.0,2009-01-01,16.0,493.6
876,62.0,35.0,3.0,14.0,2014-01-01,11.0,483.4
877,44.0,26.0,1.0,15.0,2003-01-01,22.0,487.85
878,26.0,8.0,2.0,18.0,2000-01-01,25.0,498.8
879,43.0,13.0,0.0,25.0,2021-01-01,4.0,489.15
880,64.0,,5.0,16.0,2000-01-01,25.0,494.1
881,39.0,1.0,0.0,24.0,2007-01-01,18.0,494.9
882,64.0,36.0,0.0,25.0,2016-01-01,9.0,478.55
883,47.0,4.0,1.0,14.0,2007-01-01,18.0,493.4
884,101.58571428571429,51.78,5.0,23.0,2012-01-01,13.0,477.05
885,65.0,40.0,5.0,21.0,2000-01-01,25.0,486.05
886,34.0,13.0,5.0,,2010-01-01,15.0,499.15
887,43.0,25.0,1.0,18.0,1994-01-01,31.0,489.4
888,53.0,24.0,0.0,12.0,2012-01-01,13.0,484.1
889,18.0,0.0,1.0,22.0,2014-01-01,11.0,500.1
890,25.0,1.0,4.0,17.0,1999-01-01,26.0,504.15
891,52.0,34.0,4.0,25.0,2011-01-01,14.0,488.05
892,32.0,5.0,1.0,24.0,2008-01-01,17.0,496.5
893,64.0,16.0,,12.0,1990-01-01,35.0,494.0
894,39.0,21.0,0.0,12.0,1996-01-01,29.0,489.4
895,31.0,13.0,1.0,18.0,1993-01-01,32.0,495.5
896,43.0,1.0,1.0,12.0,1990-01-01,35.0,496.7
897,45.0,27.0,1.0,25.0,2004-01-01,21.0,487.75
898,40.0,22.0,2.0,21.0,2001-01-01,24.0,491.85
899,31.0,4.0,4.0,19.0,2011-01-01,14.0,500.95
900,41.0,0.0,5.0,22.0,2011-01-01,14.0,501.8
901,19.0,1.0,3.0,11.0,2006-01-01,19.0,502.85
902,62.0,11.0,5.0,25.0,2018-01-01,7.0,493.75
903,43.0,25.0,3.0,19.0,2003-01-01,22.0,491.55
904,31.0,13.0,2.0,25.0,2009-01-01,16.0,495.75
905,24.0,6.0,1.0,11.0,2022-01-01,3.0,495.75
906,20.0,2.0,2.0,20.0,2004-01-01,21.0,501.5
907,64.0,9.0,2.0,23.0,2001-01-01,24.0,491.05
908,40.0,2.0,0.0,20.0,2009-01-01,16.0,494.0
909,63.0,13.0,4.0,12.0,2019-01-01,6.0,490.7
910,60.0,15.0,3.0,16.0,1992-01-01,33.0,492.1
911,64.0,9.0,1.0,16.0,2017-01-01,8.0,487.6
912,62.0,28.0,3.0,11.0,2015-01-01,10.0,485.25
913,35.0,9.0,5.0,17.0,2019-01-01,6.0,
914,55.0,11.0,3.0,18.0,2002-01-01,23.0,493.4
915,52.0,29.0,5.0,12.0,2002-01-01,23.0,491.3
916,32.0,14.0,4.0,18.0,1991-01-01,34.0,499.7
917,42.0,,5.0,19.0,1991-01-01,34.0,503.45
918,54.0,4.0,3.0,16.0,2025-01-01,0.0,493.3
919,45.0,19.0,3.0,15.0,2015-01-01,10.0,491.55
920,27.0,7.0,5.0,22.0,2000-01-01,25.0,503.6
921,56.0,11.0,2.0,19.0,1997-01-01,28.0,492.25
922,34.0,0.0,4.0,23.0,2011-01-01,14.0,501.75
923,56.0,19.0,0.0,22.0,2009-01-01,16.0,485.8
924,39.0,21.0,1.0,21.0,1997-01-01,28.0,491.25
925,43.0,25.0,3.0,19.0,2018-01-01,7.0,490.05
926,61.0,36.0,1.0,11.0,2015-01-01,10.0,480.05
927,,11.0,0.0,21.0,2019-01-01,6.0,489.95
928,34.0,16.0,1.0,13.0,2006-01-01,19.0,492.45
929,30.0,12.0,0.0,19.0,2009-01-01,16.0,492.95
930,37.0,14.0,5.0,21.0,2005-01-01,20.0,498.95
931,42.0,5.0,2.0,12.0,1996-01-01,29.0,496.6
932,,3.0,3.0,22.0,2005-01-01,20.0,502.5
933,27.0,9.0,0.0,14.0,2016-01-01,9.0,493.5
934,20.0,1.0,1.0,14.0,2012-01-01,13.0,499.2
935,58.0,8.0,3.0,12.0,2013-01-01,12.0,492.3
936,62.0,36.0,2.0,25.0,1998-01-01,27.0,483.75
937,35.0,17.0,5.0,13.0,2024-01-01,1.0,496.15
938,64.0,25.0,3.0,23.0,2009-01-01,16.0,486.95
939,53.0,28.0,0.0,13.0,2006-01-01,19.0,483.55
940,64.0,0.0,2.0,11.0,2020-01-01,5.0,491.25
941,39.0,21.0,1.0,16.0,1997-01-01,28.0,491.0
942,51.0,5.0,2.0,18.0,2004-01-01,21.0,494.3
943,64.0,36.0,2.0,22.0,2020-01-01,5.0,481.0
944,25.0,4.0,4.0,13.0,2019-01-01,6.0,501.05
945,57.0,32.0,2.0,15.0,2009-01-01,16.0,484.35
946,61.0,13.0,2.0,11.0,2001-01-01,24.0,489.85
947,36.0,11.0,3.0,20.0,2006-01-01,19.0,496.9
948,59.0,19.0,1.0,17.0,2019-01-01,6.0,485.45
949,58.0,23.0,3.0,20.0,2018-01-01,7.0,487.7
950,54.0,33.0,3.0,,2008-01-01,17.0,486.65
951,23.0,5.0,0.0,11.0,2000-01-01,,496.95
952,43.0,25.0,3.0,22.0,2023-01-01,,489.7
953,51.0,33.0,4.0,,1996-01-01,29.0,489.85
954,62.0,30.0,4.0,19.0,2023-01-01,2.0,485.75
955,23.0,5.0,0.0,18.0,2009-01-01,16.0,496.4
956,54.0,36.0,5.0,17.0,2013-01-01,12.0,487.95
957,50.0,19.0,1.0,20.0,1999-01-01,26.0,489.4
958,39.0,21.0,1.0,25.0,2021-01-01,4.0,489.05
959,38.0,15.0,3.0,17.0,2004-01-01,21.0,495.35
960,23.0,5.0,3.0,15.0,2009-01-01,16.0,500.75
961,23.0,5.0,5.0,15.0,1992-01-01,33.0,505.45
962,65.0,0.0,3.0,21.0,1997-01-01,28.0,495.35
963,21.0,3.0,1.0,23.0,2012-01-01,13.0,498.85
964,47.0,28.0,2.0,15.0,2000-01-01,25.0,488.45
965,28.0,10.0,4.0,11.0,1997-01-01,28.0,500.75
966,47.0,29.0,2.0,18.0,2018-01-01,7.0,486.5
967,48.0,4.0,2.0,22.0,2019-01-01,6.0,493.9
968,41.0,21.0,1.0,21.0,1999-01-01,26.0,490.65
969,26.0,8.0,2.0,11.0,2017-01-01,8.0,496.75
970,20.0,0.0,5.0,14.0,2025-01-01,0.0,504.2
971,48.0,25.0,0.0,25.0,2002-01-01,23.0,486.45
972,57.0,9.0,3.0,19.0,2021-01-01,4.0,491.75
973,54.0,29.0,0.0,24.0,2025-01-01,0.0,481.7
974,53.0,17.0,4.0,19.0,2015-01-01,,492.25
975,41.0,16.0,3.0,15.0,2011-01-01,14.0,493.65
976,48.0,25.0,2.0,14.0,1993-01-01,32.0,489.8
977,23.0,5.0,4.0,13.0,2020-01-01,5.0,501.05
978,19.0,1.0,3.0,13.0,2007-01-01,18.0,502.85
979,37.0,11.0,5.0,22.0,2013-01-01,12.0,499.1
980,45.0,26.0,5.0,15.0,2012-01-01,13.0,492.75
981,28.0,7.0,5.0,20.0,2011-01-01,14.0,502.2
982,21.0,,5.0,11.0,1991-01-01,34.0,506.35
983,32.0,3.0,2.0,15.0,2020-01-01,5.0,496.95
984,23.0,5.0,0.0,16.0,2000-01-01,25.0,497.2
985,47.0,0.0,3.0,17.0,2017-01-01,,496.75
986,55.0,18.0,2.0,22.0,2021-01-01,4.0,488.1
987,19.0,1.0,5.0,19.0,1994-01-01,,507.45
988,32.0,14.0,0.0,13.0,1999-01-01,26.0,492.65
989,28.0,10.0,4.0,25.0,2013-01-01,12.0,499.85
990,25.0,4.0,4.0,12.0,2024-01-01,1.0,500.5
991,43.0,25.0,4.0,24.0,2012-01-01,13.0,492.4
992,62.0,25.0,5.0,13.0,2006-01-01,19.0,490.15
993,61.0,27.0,4.0,22.0,1990-01-01,35.0,490.3
994,22.0,1.0,1.0,19.0,2020-01-01,5.0,498.25
995,23.0,5.0,3.0,22.0,2020-01-01,5.0,500.0
996,43.0,8.0,3.0,17.0,2023-01-01,2.0,494.55
997,21.0,3.0,5.0,19.0,1998-01-01,27.0,506.05
998,36.0,18.0,1.0,23.0,2011-01-01,14.0,491.45
999,37.0,19.0,2.0,12.0,2002-01-01,23.0,492.8
1000,27.0,9.0,3.0,25.0,2008-01-01,17.0,499.35
1001,50.0,7.0,5.0,25.0,2024-01-01,1.0,496.75
1002,49.0,16.0,0.0,16.0,1996-01-01,29.0,489.1
1003,25.0,7.0,5.0,23.0,2018-01-01,7.0,502.25
1004,39.0,17.0,5.0,17.0,1991-01-01,34.0,498.85
1005,38.0,20.0,5.0,11.0,2021-01-01,4.0,494.85
1006,44.0,9.0,3.0,23.0,1991-01-01,34.0,497.55
1007,50.0,9.0,4.0,23.0,2014-01-01,11.0,495.55
1008,38.0,20.0,4.0,25.0,2008-01-01,17.0,495.35
1009,18.0,0.0,1.0,24.0,1999-01-01,26.0,501.7
1010,35.0,17.0,5.0,13.0,1995-01-01,30.0,499.05
1011,32.0,14.0,4.0,18.0,1997-01-01,28.0,499.1
1012,18.0,0.0,3.0,,1999-01-01,26.0,504.1
1013,54.0,29.0,0.0,24.0,2025-01-01,0.0,481.7
1014,64.0,25.0,3.0,23.0,2009-01-01,16.0,486.95
1015,31.0,4.0,4.0,19.0,2011-01-01,14.0,500.95
1016,33.0,15.0,0.0,19.0,2012-01-01,13.0,491.15
1017,47.0,4.0,1.0,14.0,2007-01-01,18.0,493.4
1018,22.0,4.0,5.0,13.0,2019-01-01,6.0,503.15
1019,29.0,11.0,2.0,18.0,1993-01-01,32.0,498.0
1020,53.0,11.0,1.0,14.0,1995-01-01,30.0,491.3
1021,37.0,19.0,4.0,15.0,2002-01-01,23.0,495.95
1022,49.0,31.0,5.0,23.0,1995-01-01,30.0,492.55
1023,48.0,16.0,5.0,16.0,2022-01-01,3.0,494.2
1024,65.0,40.0,4.0,24.0,2018-01-01,7.0,2.5223333333333358
1025,26.0,8.0,1.0,12.0,1994-01-01,31.0,497.6
1026,25.0,3.0,1.0,15.0,2021-01-01,4.0,496.75
1027,55.0,,2.0,22.0,2021-01-01,4.0,488.1
1028,62.0,11.0,5.0,25.0,2018-01-01,7.0,493.75
1029,36.0,11.0,3.0,20.0,2006-01-01,19.0,496.9
1030,46.0,16.0,4.0,17.0,1992-01-01,33.0,496.15
1031,31.0,,4.0,11.0,2019-01-01,6.0,497.35
1032,63.0,34.0,2.0,22.0,2002-01-01,23.0,483.6
1033,62.0,36.0,4.0,17.0,2025-01-01,0.0,483.65
1034,41.0,18.0,3.0,11.0,2005-01-01,20.0,493.45
1035,49.0,20.0,5.0,18.0,2016-01-01,9.0,493.5
1036,58.0,2.0,5.0,17.0,2005-01-01,20.0,498.15
1037,26.0,8.0,5.0,25.0,2009-01-01,16.0,502.75
1038,19.0,1.0,3.0,11.0,2006-01-01,19.0,502.85
1039,53.0,25.0,0.0,17.0,1995-01-01,30.0,485.75
1040,44.0,26.0,2.0,11.0,2004-01-01,21.0,489.05
1041,24.0,6.0,3.0,25.0,1994-01-01,31.0,502.25
1042,37.0,19.0,4.0,23.0,1998-01-01,27.0,496.75
1043,53.0,17.0,4.0,,2015-01-01,10.0,492.25
1044,63.0,23.0,2.0,11.0,2016-01-01,9.0,484.95
1045,52.0,18.0,4.0,12.0,1992-01-01,33.0,494.1
1046,39.0,21.0,1.0,21.0,1997-01-01,28.0,491.25
1047,62.0,38.0,0.0,17.0,2025-01-01,0.0,477.05
1048,34.0,16.0,4.0,24.0,2007-01-01,18.0,497.4
1049,60.0,27.0,5.0,18.0,2010-01-01,15.0,489.8
